driver_id,total_fare,avg_distance
85,38.980000000000004,19.59
31,135.25,48.6
89,138.42,46.34
93,133.95,35.45
79,204.57999999999998,14.655
32,151.36,27.03
10,93.09,33.52
21,161.85999999999999,20.299999999999997
66,135.25,40.375
94,46.08,11.46
