driver_id,total_fare,avg_distance
30,50.3,38.32
8,178.04,27.62
26,8.52,11.5
78,89.22,46.91
77,120.5,6.81
90,141.01999999999998,20.400000000000002
33,179.69,35.160000000000004
84,96.58,47.42
36,117.49,28.29
66,109.57,31.36
72,97.57,36.68
2,91.84,7.28
