driver_id,total_fare,avg_distance
7,108.88,10.25
64,225.31,14.566666666666668
22,158.28,24.045
28,58.02,15.23
52,59.51,40.91
47,267.15,16.975
17,137.05,38.13
46,225.78,24.47666666666667
60,34.75,9.24
9,89.66,29.13
74,73.0,37.05
50,74.36,28.57
